{
    "loss": 0.3245394825935364,
    "accuracy": 0.9741379022598267
}